SKU,Product Name,Short Description,Long Description,Action,Sellable,Thumbnail image url,Product page url,Price,Price min,Price max,Currency code,Visibility,Custom attributes,Attributes,Categories,Variant attributes,Full Size Image URL,Review Score,Review Count,Categories ids,Compare At Price,Creation Date
745101200307,PANTIES DESECHABLE BIKINI XL,PANTIES DESECHABLE BIKINI XL,PANTIES DESECHABLE BIKINI XL,insert,1,https://riba.app/imgrs/THUMBS%20500X500/236875.JPG,tabs/detalle-producto/236875,226.000,226.000,226.000,USD,1,,"{""MARCA"":[""HYGENEX""],""CATEGORIA"":[""Vestuario""]}","[""Vestuario""]",NULL,https://riba.app/imgrs/THUMBS%20500X500/236875.JPG,0,0,"[""244""]",226.000,2026-05-08 10:54:04
745101200315,CALZONCILLOS DESECHABLES,CALZONCILLOS DESECHABLES,CALZONCILLOS DESECHABLES,insert,1,https://riba.app/imgrs/THUMBS%20500X500/234683.JPG,tabs/detalle-producto/234683,232.000,232.000,232.000,USD,1,,"{""MARCA"":[""HYGENEX""],""CATEGORIA"":[""Vestuario""]}","[""Vestuario""]",NULL,https://riba.app/imgrs/THUMBS%20500X500/234683.JPG,0,0,"[""244""]",232.000,2026-05-08 10:54:04
745101200316,CALZONCILLOS DESECHABLES,CALZONCILLOS DESECHABLES,CALZONCILLOS DESECHABLES,insert,1,https://riba.app/imgrs/THUMBS%20500X500/234684.JPG,tabs/detalle-producto/234684,226.000,226.000,226.000,USD,1,,"{""MARCA"":[""HYGENEX""],""CATEGORIA"":[""Vestuario""]}","[""Vestuario""]",NULL,https://riba.app/imgrs/THUMBS%20500X500/234684.JPG,0,0,"[""244""]",226.000,2026-05-08 10:54:04
745101200317,CALZONCILLOS DESECHABLES,CALZONCILLOS DESECHABLES,CALZONCILLOS DESECHABLES,insert,1,https://riba.app/imgrs/THUMBS%20500X500/234685.JPG,tabs/detalle-producto/234685,230.000,230.000,230.000,USD,1,,"{""MARCA"":[""HYGENEX""],""CATEGORIA"":[""Vestuario""]}","[""Vestuario""]",NULL,https://riba.app/imgrs/THUMBS%20500X500/234685.JPG,0,0,"[""244""]",230.000,2026-05-08 10:54:04
745101200319,PANTIES DESH SMALL HI CUT,PANTIES DESH SMALL HI CUT,PANTIES DESH SMALL HI CUT,insert,1,https://riba.app/imgrs/THUMBS%20500X500/234676.JPG,tabs/detalle-producto/234676,232.000,232.000,232.000,USD,1,,"{""MARCA"":[""HYGENEX""],""CATEGORIA"":[""Vestuario""]}","[""Vestuario""]",NULL,https://riba.app/imgrs/THUMBS%20500X500/234676.JPG,0,0,"[""244""]",232.000,2026-05-08 10:54:04
745101200320,PANTIES DESCH MEDIUM HI CUT,PANTIES DESCH MEDIUM HI CUT,PANTIES DESCH MEDIUM HI CUT,insert,1,https://riba.app/imgrs/THUMBS%20500X500/234677.JPG,tabs/detalle-producto/234677,225.000,225.000,225.000,USD,1,,"{""MARCA"":[""HYGENEX""],""CATEGORIA"":[""Vestuario""]}","[""Vestuario""]",NULL,https://riba.app/imgrs/THUMBS%20500X500/234677.JPG,0,0,"[""244""]",225.000,2026-05-08 10:54:04
745101200321,PANTIES DESCH LARGE HI CUT,PANTIES DESCH LARGE HI CUT,PANTIES DESCH LARGE HI CUT,insert,1,https://riba.app/imgrs/THUMBS%20500X500/234678.JPG,tabs/detalle-producto/234678,226.000,226.000,226.000,USD,1,,"{""MARCA"":[""HYGENEX""],""CATEGORIA"":[""Vestuario""]}","[""Vestuario""]",NULL,https://riba.app/imgrs/THUMBS%20500X500/234678.JPG,0,0,"[""244""]",226.000,2026-05-08 10:54:04
745101200323,PANTIES DESCH 2X LARGE HI CUT,PANTIES DESCH 2X LARGE HI CUT,PANTIES DESCH 2X LARGE HI CUT,insert,1,https://riba.app/imgrs/THUMBS%20500X500/234680.JPG,tabs/detalle-producto/234680,224.000,224.000,224.000,USD,1,,"{""MARCA"":[""HYGENEX""],""CATEGORIA"":[""Vestuario""]}","[""Vestuario""]",NULL,https://riba.app/imgrs/THUMBS%20500X500/234680.JPG,0,0,"[""244""]",224.000,2026-05-08 10:54:04
745101200324,PANTIES DESECHABLE BIKINI S,PANTIES DESECHABLE BIKINI S,PANTIES DESECHABLE BIKINI S,insert,1,https://riba.app/imgrs/THUMBS%20500X500/236868.JPG,tabs/detalle-producto/236868,230.000,230.000,230.000,USD,1,,"{""MARCA"":[""HYGENEX""],""CATEGORIA"":[""Vestuario""]}","[""Vestuario""]",NULL,https://riba.app/imgrs/THUMBS%20500X500/236868.JPG,0,0,"[""244""]",230.000,2026-05-08 10:54:04
745101200325,PANTIES DESECHABLE BIKINI M,PANTIES DESECHABLE BIKINI M,PANTIES DESECHABLE BIKINI M,insert,1,https://riba.app/imgrs/THUMBS%20500X500/236871.JPG,tabs/detalle-producto/236871,226.000,226.000,226.000,USD,1,,"{""MARCA"":[""HYGENEX""],""CATEGORIA"":[""Vestuario""]}","[""Vestuario""]",NULL,https://riba.app/imgrs/THUMBS%20500X500/236871.JPG,0,0,"[""244""]",226.000,2026-05-08 10:54:04
745101200326,PANTIES DESECHABLE BIKINI L,PANTIES DESECHABLE BIKINI L,PANTIES DESECHABLE BIKINI L,insert,1,https://riba.app/imgrs/THUMBS%20500X500/236873.JPG,tabs/detalle-producto/236873,226.000,226.000,226.000,USD,1,,"{""MARCA"":[""HYGENEX""],""CATEGORIA"":[""Vestuario""]}","[""Vestuario""]",NULL,https://riba.app/imgrs/THUMBS%20500X500/236873.JPG,0,0,"[""244""]",226.000,2026-05-08 10:54:04
745110161022,TARJETA + MOVIL  B 10 00,TARJETA + MOVIL  B 10 00,TARJETA + MOVIL  B 10 00,insert,1,https://riba.app/imgrs/THUMBS%20500X500/34147.JPG,tabs/detalle-producto/34147,1.000.000,1.000.000,1.000.000,USD,1,,"{""MARCA"":[""CABLE & WIRELESS""],""CATEGORIA"":[""TARJETAS DE CELULAR""]}","[""TARJETAS DE CELULAR""]",NULL,https://riba.app/imgrs/THUMBS%20500X500/34147.JPG,0,0,"[""307""]",1.000.000,2026-05-08 10:54:04
745110161023,TARJETA + MOVIL  B  5 00,TARJETA + MOVIL  B  5 00,TARJETA + MOVIL  B  5 00,insert,1,https://riba.app/imgrs/THUMBS%20500X500/34146.JPG,tabs/detalle-producto/34146,500.000,500.000,500.000,USD,1,,"{""MARCA"":[""CABLE & WIRELESS""],""CATEGORIA"":[""TARJETAS DE CELULAR""]}","[""TARJETAS DE CELULAR""]",NULL,https://riba.app/imgrs/THUMBS%20500X500/34146.JPG,0,0,"[""307""]",500.000,2026-05-08 10:54:04
745110161033,TARJETA + MOVIL B 6.00,TARJETA + MOVIL B 6.00,TARJETA + MOVIL B 6.00,insert,1,https://riba.app/imgrs/THUMBS%20500X500/342038.JPG,tabs/detalle-producto/342038,600.000,600.000,600.000,USD,1,,"{""MARCA"":[""CABLE & WIRELESS""],""CATEGORIA"":[""TARJETAS DE CELULAR""]}","[""TARJETAS DE CELULAR""]",NULL,https://riba.app/imgrs/THUMBS%20500X500/342038.JPG,0,0,"[""307""]",600.000,2026-05-08 10:54:04
745110161037,TARJETA + MOVIL  B 3 00,TARJETA + MOVIL  B 3 00,TARJETA + MOVIL  B 3 00,insert,1,https://riba.app/imgrs/THUMBS%20500X500/156326.JPG,tabs/detalle-producto/156326,300.000,300.000,300.000,USD,1,,"{""MARCA"":[""CABLE & WIRELESS""],""CATEGORIA"":[""TARJETAS DE CELULAR""]}","[""TARJETAS DE CELULAR""]",NULL,https://riba.app/imgrs/THUMBS%20500X500/156326.JPG,0,0,"[""307""]",300.000,2026-05-08 10:54:04
745208511010,TARJETA  PREPAGO B 10 00,TARJETA  PREPAGO B 10 00,TARJETA  PREPAGO B 10 00,insert,1,https://riba.app/imgrs/THUMBS%20500X500/35720.JPG,tabs/detalle-producto/35720,1.000.000,1.000.000,1.000.000,USD,1,,"{""MARCA"":[""TIGO""],""CATEGORIA"":[""TARJETAS DE CELULAR""]}","[""TARJETAS DE CELULAR""]",NULL,https://riba.app/imgrs/THUMBS%20500X500/35720.JPG,0,0,"[""307""]",1.000.000,2026-05-08 10:54:04
745208511021,TARJETA PREPAGO B 5 00,TARJETA PREPAGO B 5 00,TARJETA PREPAGO B 5 00,insert,1,https://riba.app/imgrs/THUMBS%20500X500/35719.JPG,tabs/detalle-producto/35719,500.000,500.000,500.000,USD,1,,"{""MARCA"":[""TIGO""],""CATEGORIA"":[""TARJETAS DE CELULAR""]}","[""TARJETAS DE CELULAR""]",NULL,https://riba.app/imgrs/THUMBS%20500X500/35719.JPG,0,0,"[""307""]",500.000,2026-05-08 10:54:04
745208511043,TARJETA PREPAGO 6.00 TIGO,TARJETA PREPAGO 6.00 TIGO,TARJETA PREPAGO 6.00 TIGO,insert,1,https://riba.app/imgrs/THUMBS%20500X500/339576.JPG,tabs/detalle-producto/339576,600.000,600.000,600.000,USD,1,,"{""MARCA"":[""TIGO""],""CATEGORIA"":[""TARJETAS DE CELULAR""]}","[""TARJETAS DE CELULAR""]",NULL,https://riba.app/imgrs/THUMBS%20500X500/339576.JPG,0,0,"[""307""]",600.000,2026-05-08 10:54:04
745208511110,TARJETA PREPAGO B 3.00,TARJETA PREPAGO B 3.00,TARJETA PREPAGO B 3.00,insert,1,https://riba.app/imgrs/THUMBS%20500X500/132713.JPG,tabs/detalle-producto/132713,300.000,300.000,300.000,USD,1,,"{""MARCA"":[""TIGO""],""CATEGORIA"":[""TARJETAS DE CELULAR""]}","[""TARJETAS DE CELULAR""]",NULL,https://riba.app/imgrs/THUMBS%20500X500/132713.JPG,0,0,"[""307""]",300.000,2026-05-08 10:54:04
750624545022,L A EXPRESS FASHION CASUAL,L A EXPRESS FASHION CASUAL,L A EXPRESS FASHION CASUAL,insert,1,https://riba.app/imgrs/THUMBS%20500X500/244329.JPG,tabs/detalle-producto/244329,603.000,603.000,603.000,USD,1,,"{""MARCA"":[""L.A EXPRESS""],""CATEGORIA"":[""LENTES DE SOL""]}","[""LENTES DE SOL""]",NULL,https://riba.app/imgrs/THUMBS%20500X500/244329.JPG,0,0,"[""306""]",603.000,2026-05-08 10:54:04
85498800734,CHALECO 2 BOSILLOS LIMA LARGE,CHALECO 2 BOSILLOS LIMA LARGE,CHALECO 2 BOSILLOS LIMA LARGE,insert,1,https://riba.app/imgrs/THUMBS%20500X500/313261.JPG,tabs/detalle-producto/313261,441.000,441.000,441.000,USD,1,,"{""MARCA"":[""GENERAL ELECTRIC""],""CATEGORIA"":[""Vestuario""]}","[""Vestuario""]",NULL,https://riba.app/imgrs/THUMBS%20500X500/313261.JPG,0,0,"[""244""]",441.000,2026-05-08 10:54:04
933350500001,LENTES DE SOL ,LENTES DE SOL ,LENTES DE SOL ,insert,1,https://riba.app/imgrs/THUMBS%20500X500/235362.JPG,tabs/detalle-producto/235362,1.053.000,1.053.000,1.053.000,USD,1,,"{""MARCA"":[""D&H COLLECTION""],""CATEGORIA"":[""LENTES DE SOL""]}","[""LENTES DE SOL""]",NULL,https://riba.app/imgrs/THUMBS%20500X500/235362.JPG,0,0,"[""306""]",1.053.000,2026-05-08 10:54:04