SKU,Product Name,Short Description,Long Description,Action,Sellable,Thumbnail image url,Product page url,Price,Price min,Price max,Currency code,Visibility,Custom attributes,Attributes,Categories,Variant attributes,Full Size Image URL,Review Score,Review Count,Categories ids,Compare At Price,Creation Date
745101517982,TORTILLAS MAIZ TIPICA 10UN GDE,TORTILLAS MAIZ TIPICA 10UN GDE,TORTILLAS MAIZ TIPICA 10UN GDE,insert,1,https://riba.app/imgrs/THUMBS%20500X500/289499.JPG,tabs/detalle-producto/289499,0,0,0,USD,1,{},"{""MARCA"": [""RIMITH""], ""CATEGORIA"": [""PRODUCTOS DE MAIZ Y OTROS""]}","[""PRODUCTOS DE MAIZ Y OTROS""]",,https://riba.app/imgrs/THUMBS%20500X500/289499.JPG,0,0,"[""270""]",100.000,2026-05-08 10:59:33
745101517983,TORTILLAS MAIZ TIPICA 12UN CHI,TORTILLAS MAIZ TIPICA 12UN CHI,TORTILLAS MAIZ TIPICA 12UN CHI,insert,1,https://riba.app/imgrs/THUMBS%20500X500/289501.JPG,tabs/detalle-producto/289501,0,0,0,USD,1,{},"{""MARCA"": [""RIMITH""], ""CATEGORIA"": [""PRODUCTOS DE MAIZ Y OTROS""]}","[""PRODUCTOS DE MAIZ Y OTROS""]",,https://riba.app/imgrs/THUMBS%20500X500/289501.JPG,0,0,"[""270""]",95.000,2026-05-08 10:59:33
745101517984,EMPANADA CHILENA MINI 9 UN,EMPANADA CHILENA MINI 9 UN,EMPANADA CHILENA MINI 9 UN,insert,1,https://riba.app/imgrs/THUMBS%20500X500/289522.JPG,tabs/detalle-producto/289522,0,0,0,USD,1,{},"{""MARCA"": [""RIMITH""], ""CATEGORIA"": [""PRODUCTOS DE MAIZ Y OTROS""]}","[""PRODUCTOS DE MAIZ Y OTROS""]",,https://riba.app/imgrs/THUMBS%20500X500/289522.JPG,0,0,"[""270""]",415.000,2026-05-08 10:59:33
745101517985,AREPA RELLENA CON QUESO 5 UN,AREPA RELLENA CON QUESO 5 UN,AREPA RELLENA CON QUESO 5 UN,insert,1,https://riba.app/imgrs/THUMBS%20500X500/295996.JPG,tabs/detalle-producto/295996,0,0,0,USD,1,{},"{""MARCA"": [""RIMITH""], ""CATEGORIA"": [""PRODUCTOS DE MAIZ Y OTROS""]}","[""PRODUCTOS DE MAIZ Y OTROS""]",,https://riba.app/imgrs/THUMBS%20500X500/295996.JPG,0,0,"[""270""]",375.000,2026-05-08 10:59:33
745101517986,AREPA CON QUESO MEDIANA 5 UN,AREPA CON QUESO MEDIANA 5 UN,AREPA CON QUESO MEDIANA 5 UN,insert,1,https://riba.app/imgrs/THUMBS%20500X500/295997.JPG,tabs/detalle-producto/295997,0,0,0,USD,1,{},"{""MARCA"": [""RIMITH""], ""CATEGORIA"": [""PRODUCTOS DE MAIZ Y OTROS""]}","[""PRODUCTOS DE MAIZ Y OTROS""]",,https://riba.app/imgrs/THUMBS%20500X500/295997.JPG,0,0,"[""270""]",370.000,2026-05-08 10:59:33
745101517987,AREPA CON QUESO MINI 16 UN,AREPA CON QUESO MINI 16 UN,AREPA CON QUESO MINI 16 UN,insert,1,https://riba.app/imgrs/THUMBS%20500X500/295998.JPG,tabs/detalle-producto/295998,0,0,0,USD,1,{},"{""MARCA"": [""RIMITH""], ""CATEGORIA"": [""PRODUCTOS DE MAIZ Y OTROS""]}","[""PRODUCTOS DE MAIZ Y OTROS""]",,https://riba.app/imgrs/THUMBS%20500X500/295998.JPG,0,0,"[""270""]",475.000,2026-05-08 10:59:33
745101517988,AREPA ORIGINAL MEDIANA,AREPA ORIGINAL MEDIANA,AREPA ORIGINAL MEDIANA,insert,1,https://riba.app/imgrs/THUMBS%20500X500/295999.JPG,tabs/detalle-producto/295999,0,0,0,USD,1,{},"{""MARCA"": [""RIMITH""], ""CATEGORIA"": [""PRODUCTOS DE MAIZ Y OTROS""]}","[""PRODUCTOS DE MAIZ Y OTROS""]",,https://riba.app/imgrs/THUMBS%20500X500/295999.JPG,0,0,"[""270""]",215.000,2026-05-08 10:59:33
745101517989,AREPA ORIGINAL MINI,AREPA ORIGINAL MINI,AREPA ORIGINAL MINI,insert,1,https://riba.app/imgrs/THUMBS%20500X500/296001.JPG,tabs/detalle-producto/296001,0,0,0,USD,1,{},"{""MARCA"": [""RIMITH""], ""CATEGORIA"": [""PRODUCTOS DE MAIZ Y OTROS""]}","[""PRODUCTOS DE MAIZ Y OTROS""]",,https://riba.app/imgrs/THUMBS%20500X500/296001.JPG,0,0,"[""270""]",245.000,2026-05-08 10:59:33
745101517990,EMP GOUR PREHORN QUESO BLCO 4U,EMP GOUR PREHORN QUESO BLCO 4U,EMP GOUR PREHORN QUESO BLCO 4U,insert,1,https://riba.app/imgrs/THUMBS%20500X500/298165.JPG,tabs/detalle-producto/298165,0,0,0,USD,1,{},"{""MARCA"": [""RIMITH""], ""CATEGORIA"": [""PRODUCTOS DE MAIZ Y OTROS""]}","[""PRODUCTOS DE MAIZ Y OTROS""]",,https://riba.app/imgrs/THUMBS%20500X500/298165.JPG,0,0,"[""270""]",685.000,2026-05-08 10:59:33
745101517992,EMP GOUR PREHORN CON ATUN 4UN,EMP GOUR PREHORN CON ATUN 4UN,EMP GOUR PREHORN CON ATUN 4UN,insert,1,https://riba.app/imgrs/THUMBS%20500X500/298169.JPG,tabs/detalle-producto/298169,0,0,0,USD,1,{},"{""MARCA"": [""RIMITH""], ""CATEGORIA"": [""PRODUCTOS DE MAIZ Y OTROS""]}","[""PRODUCTOS DE MAIZ Y OTROS""]",,https://riba.app/imgrs/THUMBS%20500X500/298169.JPG,0,0,"[""270""]",775.000,2026-05-08 10:59:33
745101517993,EMP MAIZ BERENJENA POMODOR 8UN,EMP MAIZ BERENJENA POMODOR 8UN,EMP MAIZ BERENJENA POMODOR 8UN,insert,1,https://riba.app/imgrs/THUMBS%20500X500/298424.JPG,tabs/detalle-producto/298424,0,0,0,USD,1,{},"{""MARCA"": [""RIMITH""], ""CATEGORIA"": [""PRODUCTOS DE MAIZ Y OTROS""]}","[""PRODUCTOS DE MAIZ Y OTROS""]",,https://riba.app/imgrs/THUMBS%20500X500/298424.JPG,0,0,"[""270""]",590.000,2026-05-08 10:59:33
745101517994,EMP MAIZ GARBANZO PIMENTON 8UN,EMP MAIZ GARBANZO PIMENTON 8UN,EMP MAIZ GARBANZO PIMENTON 8UN,insert,1,https://riba.app/imgrs/THUMBS%20500X500/298425.JPG,tabs/detalle-producto/298425,0,0,0,USD,1,{},"{""MARCA"": [""RIMITH""], ""CATEGORIA"": [""PRODUCTOS DE MAIZ Y OTROS""]}","[""PRODUCTOS DE MAIZ Y OTROS""]",,https://riba.app/imgrs/THUMBS%20500X500/298425.JPG,0,0,"[""270""]",590.000,2026-05-08 10:59:33
745101517995,EMP MAIZ CHILI FRIJOLES RO 8UN,EMP MAIZ CHILI FRIJOLES RO 8UN,EMP MAIZ CHILI FRIJOLES RO 8UN,insert,1,https://riba.app/imgrs/THUMBS%20500X500/298427.JPG,tabs/detalle-producto/298427,0,0,0,USD,1,{},"{""MARCA"": [""RIMITH""], ""CATEGORIA"": [""PRODUCTOS DE MAIZ Y OTROS""]}","[""PRODUCTOS DE MAIZ Y OTROS""]",,https://riba.app/imgrs/THUMBS%20500X500/298427.JPG,0,0,"[""270""]",590.000,2026-05-08 10:59:33
745101517999,AREPAS RELLENA DOBLE QUESO 5UN,AREPAS RELLENA DOBLE QUESO 5UN,AREPAS RELLENA DOBLE QUESO 5UN,insert,1,https://riba.app/imgrs/THUMBS%20500X500/300940.JPG,tabs/detalle-producto/300940,0,0,0,USD,1,{},"{""MARCA"": [""RIMITH""], ""CATEGORIA"": [""PRODUCTOS DE MAIZ Y OTROS""]}","[""PRODUCTOS DE MAIZ Y OTROS""]",,https://riba.app/imgrs/THUMBS%20500X500/300940.JPG,0,0,"[""270""]",395.000,2026-05-08 10:59:33
745101518000,EMP MAIZ GRANDE QUESO AMAR 6UN,EMP MAIZ GRANDE QUESO AMAR 6UN,EMP MAIZ GRANDE QUESO AMAR 6UN,insert,1,https://riba.app/imgrs/THUMBS%20500X500/300939.JPG,tabs/detalle-producto/300939,0,0,0,USD,1,{},"{""MARCA"": [""RIMITH""], ""CATEGORIA"": [""PRODUCTOS DE MAIZ Y OTROS""]}","[""PRODUCTOS DE MAIZ Y OTROS""]",,https://riba.app/imgrs/THUMBS%20500X500/300939.JPG,0,0,"[""270""]",495.000,2026-05-08 10:59:33
745101518001,MULTIPACK CON POLLO ESENCIAL,MULTIPACK CON POLLO ESENCIAL,MULTIPACK CON POLLO ESENCIAL,insert,1,https://riba.app/imgrs/THUMBS%20500X500/300941.JPG,tabs/detalle-producto/300941,0,0,0,USD,1,{},"{""MARCA"": [""RIMITH""], ""CATEGORIA"": [""PRODUCTOS DE MAIZ Y OTROS""]}","[""PRODUCTOS DE MAIZ Y OTROS""]",,https://riba.app/imgrs/THUMBS%20500X500/300941.JPG,0,0,"[""270""]",210.000,2026-05-08 10:59:33
745101518002,CARIMAÑOLAS CARNE PREFRITA 6UN,CARIMAÑOLAS CARNE PREFRITA 6UN,CARIMAÑOLAS CARNE PREFRITA 6UN,insert,1,https://riba.app/imgrs/THUMBS%20500X500/301703.JPG,tabs/detalle-producto/301703,0,0,0,USD,1,{},"{""MARCA"": [""RIMITH""], ""CATEGORIA"": [""PRODUCTOS DE MAIZ Y OTROS""]}","[""PRODUCTOS DE MAIZ Y OTROS""]",,https://riba.app/imgrs/THUMBS%20500X500/301703.JPG,0,0,"[""270""]",315.000,2026-05-08 10:59:33
745101518003,EMP MAIZ GR CARNE PREFRITO 6UN,EMP MAIZ GR CARNE PREFRITO 6UN,EMP MAIZ GR CARNE PREFRITO 6UN,insert,1,https://riba.app/imgrs/THUMBS%20500X500/301704.JPG,tabs/detalle-producto/301704,0,0,0,USD,1,{},"{""MARCA"": [""RIMITH""], ""CATEGORIA"": [""PRODUCTOS DE MAIZ Y OTROS""]}","[""PRODUCTOS DE MAIZ Y OTROS""]",,https://riba.app/imgrs/THUMBS%20500X500/301704.JPG,0,0,"[""270""]",260.000,2026-05-08 10:59:33
745101518004,TORTILLAS GR PREFRITOS 6UN,TORTILLAS GR PREFRITOS 6UN,TORTILLAS GR PREFRITOS 6UN,insert,1,https://riba.app/imgrs/THUMBS%20500X500/301705.JPG,tabs/detalle-producto/301705,0,0,0,USD,1,{},"{""MARCA"": [""RIMITH""], ""CATEGORIA"": [""PRODUCTOS DE MAIZ Y OTROS""]}","[""PRODUCTOS DE MAIZ Y OTROS""]",,https://riba.app/imgrs/THUMBS%20500X500/301705.JPG,0,0,"[""270""]",140.000,2026-05-08 10:59:33
745101518006,AREPAS ORIGINAL GRANDE,AREPAS ORIGINAL GRANDE,AREPAS ORIGINAL GRANDE,insert,1,https://riba.app/imgrs/THUMBS%20500X500/303070.JPG,tabs/detalle-producto/303070,0,0,0,USD,1,{},"{""MARCA"": [""RIMITH""], ""CATEGORIA"": [""PRODUCTOS DE MAIZ Y OTROS""]}","[""PRODUCTOS DE MAIZ Y OTROS""]",,https://riba.app/imgrs/THUMBS%20500X500/303070.JPG,0,0,"[""270""]",245.000,2026-05-08 10:59:33
745101518007,AREPAS CON QUESO GRANDE,AREPAS CON QUESO GRANDE,AREPAS CON QUESO GRANDE,insert,1,https://riba.app/imgrs/THUMBS%20500X500/303071.JPG,tabs/detalle-producto/303071,0,0,0,USD,1,{},"{""MARCA"": [""RIMITH""], ""CATEGORIA"": [""PRODUCTOS DE MAIZ Y OTROS""]}","[""PRODUCTOS DE MAIZ Y OTROS""]",,https://riba.app/imgrs/THUMBS%20500X500/303071.JPG,0,0,"[""270""]",475.000,2026-05-08 10:59:33
745101518008,TORTILLAS ASADA CON QUESO 12UN,TORTILLAS ASADA CON QUESO 12UN,TORTILLAS ASADA CON QUESO 12UN,insert,1,https://riba.app/imgrs/THUMBS%20500X500/303393.JPG,tabs/detalle-producto/303393,0,0,0,USD,1,{},"{""MARCA"": [""RIMITH""], ""CATEGORIA"": [""PRODUCTOS DE MAIZ Y OTROS""]}","[""PRODUCTOS DE MAIZ Y OTROS""]",,https://riba.app/imgrs/THUMBS%20500X500/303393.JPG,0,0,"[""270""]",370.000,2026-05-08 10:59:33
745101518009,EMP MAIZ GRANDE QUESO BLCO 6UN,EMP MAIZ GRANDE QUESO BLCO 6UN,EMP MAIZ GRANDE QUESO BLCO 6UN,insert,1,https://riba.app/imgrs/THUMBS%20500X500/304374.JPG,tabs/detalle-producto/304374,0,0,0,USD,1,{},"{""MARCA"": [""RIMITH""], ""CATEGORIA"": [""PRODUCTOS DE MAIZ Y OTROS""]}","[""PRODUCTOS DE MAIZ Y OTROS""]",,https://riba.app/imgrs/THUMBS%20500X500/304374.JPG,0,0,"[""270""]",495.000,2026-05-08 10:59:33
745101518013,EMPANADITAS DE MAIZ CARNE 10UN,EMPANADITAS DE MAIZ CARNE 10UN,EMPANADITAS DE MAIZ CARNE 10UN,insert,1,https://riba.app/imgrs/THUMBS%20500X500/307528.JPG,tabs/detalle-producto/307528,0,0,0,USD,1,{},"{""MARCA"": [""RIMITH""], ""CATEGORIA"": [""PRODUCTOS DE MAIZ Y OTROS""]}","[""PRODUCTOS DE MAIZ Y OTROS""]",,https://riba.app/imgrs/THUMBS%20500X500/307528.JPG,0,0,"[""270""]",250.000,2026-05-08 10:59:33
745101518014,TORTILLAS ASADAS ORIGINALES3UN,TORTILLAS ASADAS ORIGINALES3UN,TORTILLAS ASADAS ORIGINALES3UN,insert,1,https://riba.app/imgrs/THUMBS%20500X500/308840.JPG,tabs/detalle-producto/308840,0,0,0,USD,1,{},"{""MARCA"": [""RIMITH""], ""CATEGORIA"": [""PRODUCTOS DE MAIZ Y OTROS""]}","[""PRODUCTOS DE MAIZ Y OTROS""]",,https://riba.app/imgrs/THUMBS%20500X500/308840.JPG,0,0,"[""270""]",140.000,2026-05-08 10:59:33
745101518015,TORTILLAS ASADAS ORIGINALES12U,TORTILLAS ASADAS ORIGINALES12U,TORTILLAS ASADAS ORIGINALES12U,insert,1,https://riba.app/imgrs/THUMBS%20500X500/308841.JPG,tabs/detalle-producto/308841,0,0,0,USD,1,{},"{""MARCA"": [""RIMITH""], ""CATEGORIA"": [""PRODUCTOS DE MAIZ Y OTROS""]}","[""PRODUCTOS DE MAIZ Y OTROS""]",,https://riba.app/imgrs/THUMBS%20500X500/308841.JPG,0,0,"[""270""]",225.000,2026-05-08 10:59:33
745101518016,TORTILLAS MAIZ TIPICA 10UN GDE,TORTILLAS MAIZ TIPICA 10UN GDE,TORTILLAS MAIZ TIPICA 10UN GDE,insert,1,https://riba.app/imgrs/THUMBS%20500X500/315443.JPG,tabs/detalle-producto/315443,0,0,0,USD,1,{},"{""MARCA"": [""RIMITH""], ""CATEGORIA"": [""PRODUCTOS DE MAIZ Y OTROS""]}","[""PRODUCTOS DE MAIZ Y OTROS""]",,https://riba.app/imgrs/THUMBS%20500X500/315443.JPG,0,0,"[""270""]",98.000,2026-05-08 10:59:33
745101518018,TORTILLAS CHICAS PREFRITOS 9UN,TORTILLAS CHICAS PREFRITOS 9UN,TORTILLAS CHICAS PREFRITOS 9UN,insert,1,https://riba.app/imgrs/THUMBS%20500X500/318293.JPG,tabs/detalle-producto/318293,0,0,0,USD,1,{},"{""MARCA"": [""RIMITH""], ""CATEGORIA"": [""PRODUCTOS DE MAIZ Y OTROS""]}","[""PRODUCTOS DE MAIZ Y OTROS""]",,https://riba.app/imgrs/THUMBS%20500X500/318293.JPG,0,0,"[""270""]",125.000,2026-05-08 10:59:33
745101518019,CARIMAÑOLAS CERDO ECRIOLLO 7UN,CARIMAÑOLAS CERDO ECRIOLLO 7UN,CARIMAÑOLAS CERDO ECRIOLLO 7UN,insert,1,https://riba.app/imgrs/THUMBS%20500X500/320089.JPG,tabs/detalle-producto/320089,0,0,0,USD,1,{},"{""MARCA"": [""RIMITH""], ""CATEGORIA"": [""PRODUCTOS DE MAIZ Y OTROS""]}","[""PRODUCTOS DE MAIZ Y OTROS""]",,https://riba.app/imgrs/THUMBS%20500X500/320089.JPG,0,0,"[""270""]",460.000,2026-05-08 10:59:33
745101518020,EMPANADA MAIZ JAMON NAVIDA 4UN,EMPANADA MAIZ JAMON NAVIDA 4UN,EMPANADA MAIZ JAMON NAVIDA 4UN,insert,1,https://riba.app/imgrs/THUMBS%20500X500/321541.JPG,tabs/detalle-producto/321541,0,0,0,USD,1,{},"{""MARCA"": [""RIMITH""], ""CATEGORIA"": [""PRODUCTOS DE MAIZ Y OTROS""]}","[""PRODUCTOS DE MAIZ Y OTROS""]",,https://riba.app/imgrs/THUMBS%20500X500/321541.JPG,0,0,"[""270""]",425.000,2026-05-08 10:59:33
745101518022,EMP MAIZ CERDO EST CRIOLLO12UN,EMP MAIZ CERDO EST CRIOLLO12UN,EMP MAIZ CERDO EST CRIOLLO12UN,insert,1,https://riba.app/imgrs/THUMBS%20500X500/324935.JPG,tabs/detalle-producto/324935,0,0,0,USD,1,{},"{""MARCA"": [""RIMITH""], ""CATEGORIA"": [""PRODUCTOS DE MAIZ Y OTROS""]}","[""PRODUCTOS DE MAIZ Y OTROS""]",,https://riba.app/imgrs/THUMBS%20500X500/324935.JPG,0,0,"[""270""]",480.000,2026-05-08 10:59:33
745101518024,PATTY CON CARNE 4UN,PATTY CON CARNE 4UN,PATTY CON CARNE 4UN,insert,1,https://riba.app/imgrs/THUMBS%20500X500/325859.JPG,tabs/detalle-producto/325859,0,0,0,USD,1,{},"{""MARCA"": [""RIMITH""], ""CATEGORIA"": [""PRODUCTOS DE MAIZ Y OTROS""]}","[""PRODUCTOS DE MAIZ Y OTROS""]",,https://riba.app/imgrs/THUMBS%20500X500/325859.JPG,0,0,"[""270""]",325.000,2026-05-08 10:59:33
745101518029,AREPAS MAIZ NUEVO Q MOZARE 5UN,AREPAS MAIZ NUEVO Q MOZARE 5UN,AREPAS MAIZ NUEVO Q MOZARE 5UN,insert,1,https://riba.app/imgrs/THUMBS%20500X500/331549.JPG,tabs/detalle-producto/331549,0,0,0,USD,1,{},"{""MARCA"": [""RIMITH""], ""CATEGORIA"": [""PRODUCTOS DE MAIZ Y OTROS""]}","[""PRODUCTOS DE MAIZ Y OTROS""]",,https://riba.app/imgrs/THUMBS%20500X500/331549.JPG,0,0,"[""270""]",495.000,2026-05-08 10:59:33
745101518031,EMPANADAS MAIZ RELLENO ATUN 5U,EMPANADAS MAIZ RELLENO ATUN 5U,EMPANADAS MAIZ RELLENO ATUN 5U,insert,1,https://riba.app/imgrs/THUMBS%20500X500/333920.JPG,tabs/detalle-producto/333920,0,0,0,USD,1,{},"{""MARCA"": [""RIMITH""], ""CATEGORIA"": [""PRODUCTOS DE MAIZ Y OTROS""]}","[""PRODUCTOS DE MAIZ Y OTROS""]",,https://riba.app/imgrs/THUMBS%20500X500/333920.JPG,0,0,"[""270""]",495.000,2026-05-08 10:59:33
745101518032,EMP DE QUESO CR CON PIÑA 4UN,EMP DE QUESO CR CON PIÑA 4UN,EMP DE QUESO CR CON PIÑA 4UN,insert,1,https://riba.app/imgrs/THUMBS%20500X500/334638.JPG,tabs/detalle-producto/334638,0,0,0,USD,1,{},"{""MARCA"": [""RIMITH""], ""CATEGORIA"": [""PRODUCTOS DE MAIZ Y OTROS""]}","[""PRODUCTOS DE MAIZ Y OTROS""]",,https://riba.app/imgrs/THUMBS%20500X500/334638.JPG,0,0,"[""270""]",545.000,2026-05-08 10:59:33
745101518033,PANITOS CON QUESO PAQ 8 UN,PANITOS CON QUESO PAQ 8 UN,PANITOS CON QUESO PAQ 8 UN,insert,1,https://riba.app/imgrs/THUMBS%20500X500/334818.JPG,tabs/detalle-producto/334818,0,0,0,USD,1,{},"{""MARCA"": [""RIMITH""], ""CATEGORIA"": [""PANES Y DULCES""]}","[""PANES Y DULCES""]",,https://riba.app/imgrs/THUMBS%20500X500/334818.JPG,0,0,"[""269""]",395.000,2026-05-08 10:59:33
745101518038,EMPANADITAS GOURMET MINI RES,EMPANADITAS GOURMET MINI RES,EMPANADITAS GOURMET MINI RES,insert,1,https://riba.app/imgrs/THUMBS%20500X500/343668.JPG,tabs/detalle-producto/343668,0,0,0,USD,1,{},"{""MARCA"": [""RIMITH""], ""CATEGORIA"": [""PRODUCTOS DE MAIZ Y OTROS""]}","[""PRODUCTOS DE MAIZ Y OTROS""]",,https://riba.app/imgrs/THUMBS%20500X500/343668.JPG,0,0,"[""270""]",455.000,2026-05-08 10:59:33
745101518039,EMPANADITAS GOUR MINI POLLO AC,EMPANADITAS GOUR MINI POLLO AC,EMPANADITAS GOUR MINI POLLO AC,insert,1,https://riba.app/imgrs/THUMBS%20500X500/343669.JPG,tabs/detalle-producto/343669,0,0,0,USD,1,{},"{""MARCA"": [""RIMITH""], ""CATEGORIA"": [""PRODUCTOS DE MAIZ Y OTROS""]}","[""PRODUCTOS DE MAIZ Y OTROS""]",,https://riba.app/imgrs/THUMBS%20500X500/343669.JPG,0,0,"[""270""]",455.000,2026-05-08 10:59:33
745101518040,EMPAN GOURMET POLLO MEDIANA,EMPAN GOURMET POLLO MEDIANA,EMPAN GOURMET POLLO MEDIANA,insert,1,https://riba.app/imgrs/THUMBS%20500X500/346041.JPG,tabs/detalle-producto/346041,0,0,0,USD,1,{},"{""MARCA"": [""RIMITH""], ""CATEGORIA"": [""PRODUCTOS DE MAIZ Y OTROS""]}","[""PRODUCTOS DE MAIZ Y OTROS""]",,https://riba.app/imgrs/THUMBS%20500X500/346041.JPG,0,0,"[""270""]",395.000,2026-05-08 10:59:33
745101518041,AREPAS DE YUCA ORIGINAL 8UN,AREPAS DE YUCA ORIGINAL 8UN,AREPAS DE YUCA ORIGINAL 8UN,insert,1,https://riba.app/imgrs/THUMBS%20500X500/348708.JPG,tabs/detalle-producto/348708,0,0,0,USD,1,{},"{""MARCA"": [""RIMITH""], ""CATEGORIA"": [""PRODUCTOS DE MAIZ Y OTROS""]}","[""PRODUCTOS DE MAIZ Y OTROS""]",,https://riba.app/imgrs/THUMBS%20500X500/348708.JPG,0,0,"[""270""]",280.000,2026-05-08 10:59:33
